{"results":[{"id":1,"challenge_id":1,"type":"static","content":"2614339936e8282e2f820f023d4d998a1f95e02a","data":null},{"id":2,"challenge_id":2,"type":"static","content":"dc09eb2b8517008ab65730f7355443a7f4bc8326","data":null},{"id":3,"challenge_id":3,"type":"static","content":"9c297196ecf8890bc1e900fcf3aebae8c9f9880a","data":null},{"id":4,"challenge_id":4,"type":"static","content":"2d542917ab9cd27314b53b9c85f956af461a550d","data":null},{"id":5,"challenge_id":5,"type":"static","content":"690fa3247a99d651e0b26f947baf0b79b4f404a9","data":null},{"id":6,"challenge_id":6,"type":"static","content":"de0806c1e34a5783b4b1672fa4eed440a9912378","data":null},{"id":7,"challenge_id":7,"type":"static","content":"5ff5052e879e6fef64124e64c82c84ebc809c6c4","data":null},{"id":8,"challenge_id":8,"type":"static","content":"ff4aebffe31b0ffdea9bdd0207a16a3c01ac6c56","data":null},{"id":9,"challenge_id":9,"type":"static","content":"78231b75c0b2180b7e964dcbb1ab3c3f58639f2e","data":null},{"id":10,"challenge_id":10,"type":"static","content":"b3245d86c5b5a6e10a1319aebced515c1763b754","data":null},{"id":11,"challenge_id":11,"type":"static","content":"1ef138e2c124611360a5875bb0ef021c59ec5869","data":null},{"id":12,"challenge_id":12,"type":"static","content":"17781992a4b425e919b2b02f934e288c4117b812","data":null},{"id":13,"challenge_id":13,"type":"static","content":"374c0eeed527cc04f8a61d8932354aa563bdfa28","data":null},{"id":14,"challenge_id":14,"type":"static","content":"d57153430a1c0b99cc3802fd45327f89c4eecae8","data":null},{"id":15,"challenge_id":15,"type":"static","content":"bccfc69b31482f1eaa399e6ded3cce938b9fc219","data":null},{"id":16,"challenge_id":16,"type":"static","content":"8d2072c6b0a455608ca1a293dc0c9579883fc6a5","data":null},{"id":17,"challenge_id":17,"type":"static","content":"dad737329153068527159005db4eb139e86e76ba","data":null},{"id":18,"challenge_id":18,"type":"static","content":"9854fa972c745fa0e8a55f0687528b1f483856b1","data":null},{"id":19,"challenge_id":19,"type":"static","content":"71aeb3b0bf01cc6e488f0207bb62f79b41454a87","data":null},{"id":20,"challenge_id":20,"type":"static","content":"7513f97578391e85282583fd084bc3a649f1d25f","data":null},{"id":21,"challenge_id":21,"type":"static","content":"d6c3b1f0724fd3dbf4272c127a790c39a200876b","data":null},{"id":22,"challenge_id":22,"type":"static","content":"84054d82b9a99da2db6392744dad1e7e28bd2cca","data":null},{"id":23,"challenge_id":23,"type":"static","content":"e6413d78562d20e2c4584f717e6c4d3b14f6a5ae","data":null},{"id":24,"challenge_id":24,"type":"static","content":"aad7acc02c5b4fd25226374ce3c114f97b19e8ee","data":null},{"id":25,"challenge_id":25,"type":"static","content":"10e04eb4104bd61f5fafc77c844d4d70b3f33f08","data":null},{"id":26,"challenge_id":26,"type":"static","content":"e3b59553d1be5291f45a76abe8291e3b666272d7","data":null},{"id":27,"challenge_id":27,"type":"static","content":"3ca7d41d1c903c5ae68c2f713c9f875db870aca0","data":null},{"id":28,"challenge_id":28,"type":"static","content":"7aec1a1f170062a5dc7f9d3502de999df9ff29df","data":null},{"id":29,"challenge_id":29,"type":"static","content":"9bb1be0fc245910b356fdac4e78e315d58d810af","data":null},{"id":30,"challenge_id":30,"type":"static","content":"9f41f46941d16fe68a542e5d3c3f7657fcd5ab97","data":null},{"id":31,"challenge_id":31,"type":"static","content":"e958569c4a12e3b97f38bd05cac3f0e5a1b17142","data":null},{"id":32,"challenge_id":32,"type":"static","content":"3eb1eb054dc55a13772007ac980ca5bf310ee773","data":null},{"id":33,"challenge_id":33,"type":"static","content":"5fb1dbd45670d209e1c48ed59222c2bca732d354","data":null},{"id":34,"challenge_id":34,"type":"static","content":"a5977b3a2145da2ad667c167f9177afd4a8afddb","data":null},{"id":35,"challenge_id":35,"type":"static","content":"86c8986dff834112ed790d7d53dadb46e9dca210","data":null},{"id":36,"challenge_id":36,"type":"static","content":"bb105418e73708ceccf1a7b2491f434b8f5230e4","data":null},{"id":37,"challenge_id":37,"type":"static","content":"41db0b8dbceb01d9737fceb888a1f24ddd8f1dff","data":null},{"id":38,"challenge_id":38,"type":"static","content":"3c3e2d6ef99b733b947e92f8e2a9ed08bf57ea63","data":null},{"id":39,"challenge_id":39,"type":"static","content":"a3ed0a02985a524747be405af69600b167ecae9a","data":null},{"id":40,"challenge_id":40,"type":"static","content":"c25ad846aad83cff51ef49167f6f54b467e731de","data":null},{"id":41,"challenge_id":41,"type":"static","content":"7220f11e79e15a9042f44e304d83fc0c9a7fc2f2","data":null},{"id":42,"challenge_id":42,"type":"static","content":"3ed5adac1a0eef3e4e7f80b4f4f48032f560f8ff","data":null},{"id":43,"challenge_id":43,"type":"static","content":"a3e13451e7b1f2a2642fd503e1996924d4f8f9b2","data":null},{"id":44,"challenge_id":44,"type":"static","content":"dd19e6dfaa233ae1584e9b59c8b8f6d8b05eb2c6","data":null},{"id":45,"challenge_id":45,"type":"static","content":"5ec16347194b662a773887b63845315e8a3c7237","data":null},{"id":46,"challenge_id":46,"type":"static","content":"ebd3760caffb21387e2a76c2848c46d09fe1d789","data":null},{"id":47,"challenge_id":47,"type":"static","content":"e85ae65ff340f0c321f3bfebdde0fdc090cf8d63","data":null},{"id":48,"challenge_id":48,"type":"static","content":"effe8d0ea5b63c9cce136e7a7c036f92b8462b57","data":null},{"id":49,"challenge_id":49,"type":"static","content":"4deafde66be6408160e98d67dd332fcd41587d3f","data":null},{"id":50,"challenge_id":50,"type":"static","content":"b9263160f81d18dc69161db7ffb8a2d622bf1755","data":null},{"id":51,"challenge_id":51,"type":"static","content":"5fd213c8fc772846b262c307eaaa901340a195bb","data":null},{"id":52,"challenge_id":52,"type":"static","content":"13647ef0eb32713c6e6064f4b3d62abe81425841","data":null},{"id":53,"challenge_id":53,"type":"static","content":"3c5c6408e9d589e6829a4ea55891ccb76f155b05","data":null},{"id":54,"challenge_id":54,"type":"static","content":"38e329aab0dcf54e00b4ae686b58546b3e2eb55d","data":null},{"id":55,"challenge_id":55,"type":"static","content":"54dfb9d1da8fc88a73da571dcabaa61100da873e","data":null},{"id":56,"challenge_id":56,"type":"static","content":"efaa5b7dd30dbed73d118ad0f75d8cfc0ae930e1","data":null},{"id":57,"challenge_id":57,"type":"static","content":"980d88a684fbf348f5812fc06fbfab2d8f66c76d","data":null},{"id":58,"challenge_id":58,"type":"static","content":"f516aab159c900435858f257d25e4429c9cf2260","data":null},{"id":59,"challenge_id":59,"type":"static","content":"05a4bcdca9809df4506551b5b1f229fd55157572","data":null},{"id":60,"challenge_id":60,"type":"static","content":"929646db81fdde9492b64f2d3c5fa0a3da182ad7","data":null},{"id":61,"challenge_id":61,"type":"static","content":"b2bbb412cd027095df70fa3ca8d61ad0e101406e","data":null},{"id":62,"challenge_id":62,"type":"static","content":"adf858a9828123061257cba29e3f34da87b23962","data":null},{"id":63,"challenge_id":63,"type":"static","content":"72dda75a3b08323f926940cdce8b5dc2c6cba428","data":null},{"id":64,"challenge_id":64,"type":"static","content":"0ed034597829f84a8a7cc5aff0b1d1afc316418c","data":null},{"id":65,"challenge_id":65,"type":"static","content":"d39f6a368e8f5e1b9b031c1fa7c3ee37355e8574","data":null},{"id":66,"challenge_id":66,"type":"static","content":"b3a4e6f5bc57590bef2443d0c25f6c40223c5c98","data":null},{"id":67,"challenge_id":67,"type":"static","content":"bd15d151880a30c4885fca30a3eb8e133c491c46","data":null},{"id":68,"challenge_id":68,"type":"static","content":"7f2af07e0e0ac2c54e8ae0665b4aa68762ba63af","data":null},{"id":69,"challenge_id":69,"type":"static","content":"df9c3b885c95c908261bd5898353e2752a06a692","data":null},{"id":70,"challenge_id":70,"type":"static","content":"ec7840f71a70dac3908a7ab0f8c5b58eb986e892","data":null},{"id":71,"challenge_id":71,"type":"static","content":"4a08ddbd93e970fd7cdca4f2fc940f6fc35dc7d8","data":null},{"id":72,"challenge_id":72,"type":"static","content":"cd689fc32a8e1288a9b762aebacd9756f8c78ab5","data":null},{"id":73,"challenge_id":73,"type":"static","content":"5444962659bf8d72f6322530b18d6b9123fbaeec","data":null},{"id":74,"challenge_id":74,"type":"static","content":"bccfe38dd85ca915c507c3d9b0de8c7fe04630d2","data":null},{"id":75,"challenge_id":75,"type":"static","content":"ba33e22ac92492931305ea3483a3a0c8210e9ddb","data":null}]}