{"results":[{"id":1,"type":"standard","challenge_id":1,"content":"Try to find a reference or clue behind the scenes. Or simply guess what URL the Score Board might have.","cost":0},{"id":10001,"type":"standard","challenge_id":1,"content":"https://bkimminich.gitbooks.io/pwning-owasp-juice-shop/content/part2/score-board.html#find-the-carefully-hidden-score-board-page","cost":0},{"id":2,"type":"standard","challenge_id":2,"content":"Try to find and attack an endpoint that responds with user information. SQL Injection is not the solution here.","cost":0},{"id":10002,"type":"standard","challenge_id":2,"content":"https://bkimminich.gitbooks.io/pwning-owasp-juice-shop/content/part2/sensitive-data-exposure.html#perform-an-unwanted-information-disclosure-by-accessing-data-cross-domain","cost":0},{"id":3,"type":"standard","challenge_id":3,"content":"Try to submit bad input to forms. Alternatively tamper with URL paths or parameters.","cost":0},{"id":10003,"type":"standard","challenge_id":3,"content":"https://bkimminich.gitbooks.io/pwning-owasp-juice-shop/content/part2/security-misconfiguration.html#provoke-an-error-that-is-not-very-gracefully-handled","cost":0},{"id":4,"type":"standard","challenge_id":4,"content":"Observe the flow of product review posting and editing and see if you can exploit it.","cost":0},{"id":10004,"type":"standard","challenge_id":4,"content":"https://bkimminich.gitbooks.io/pwning-owasp-juice-shop/content/part2/broken-access-control.html#post-a-product-review-as-another-user-or-edit-any-users-existing-review","cost":0},{"id":5,"type":"standard","challenge_id":5,"content":"Try different SQL Injection attack patterns depending whether you know the admin's email address or not.","cost":0},{"id":10005,"type":"standard","challenge_id":5,"content":"https://bkimminich.gitbooks.io/pwning-owasp-juice-shop/content/part2/injection.html#log-in-with-the-administrators-user-account","cost":0},{"id":6,"type":"standard","challenge_id":6,"content":"Try cracking Jim's password hash if you harvested it already. Alternatively, if you know Jim's email address, try SQL Injection.","cost":0},{"id":10006,"type":"standard","challenge_id":6,"content":"https://bkimminich.gitbooks.io/pwning-owasp-juice-shop/content/part2/injection.html#log-in-with-jims-user-account","cost":0},{"id":7,"type":"standard","challenge_id":7,"content":"If you know Bender's email address, try SQL Injection. Bender's password hash might not help you very much.","cost":0},{"id":10007,"type":"standard","challenge_id":7,"content":"https://bkimminich.gitbooks.io/pwning-owasp-juice-shop/content/part2/injection.html#log-in-with-benders-user-account","cost":0},{"id":8,"type":"standard","challenge_id":8,"content":"This one should be equally easy to a) brute force, b) crack the password hash or c) simply guess.","cost":0},{"id":10008,"type":"standard","challenge_id":8,"content":"https://bkimminich.gitbooks.io/pwning-owasp-juice-shop/content/part2/broken-authentication.html#log-in-with-the-administrators-user-credentials-without-previously-changing-them-or-applying-sql-injection","cost":0},{"id":9,"type":"standard","challenge_id":9,"content":"Once you found admin section of the application, this challenge is almost trivial.","cost":0},{"id":10009,"type":"standard","challenge_id":9,"content":"https://bkimminich.gitbooks.io/pwning-owasp-juice-shop/content/part2/broken-access-control.html#get-rid-of-all-5-star-customer-feedback","cost":0},{"id":10,"type":"standard","challenge_id":10,"content":"You can solve this by tampering with the user interface or by intercepting the communication with the RESTful backend.","cost":0},{"id":10010,"type":"standard","challenge_id":10,"content":"https://bkimminich.gitbooks.io/pwning-owasp-juice-shop/content/part2/broken-access-control.html#post-some-feedback-in-another-users-name","cost":0},{"id":11,"type":"standard","challenge_id":11,"content":"We might have failed to take this out of our code properly.","cost":0},{"id":10011,"type":"standard","challenge_id":11,"content":"https://bkimminich.gitbooks.io/pwning-owasp-juice-shop/content/part2/forgotten-content.html#let-us-redirect-you-to-a-donation-site-that-went-out-of-business","cost":0},{"id":12,"type":"standard","challenge_id":12,"content":"You have to find a way to beat the whitelist of allowed redirect URLs.","cost":0},{"id":10012,"type":"standard","challenge_id":12,"content":"https://bkimminich.gitbooks.io/pwning-owasp-juice-shop/content/part2/roll-your-own-security.html#wherever-you-go-there-you-are","cost":0},{"id":13,"type":"standard","challenge_id":13,"content":"Have an eye on the HTTP traffic while shopping. Alternatively try to find a client-side association of users to their basket.","cost":0},{"id":10013,"type":"standard","challenge_id":13,"content":"https://bkimminich.gitbooks.io/pwning-owasp-juice-shop/content/part2/broken-access-control.html#view-another-users-shopping-basket","cost":0},{"id":14,"type":"standard","challenge_id":14,"content":"Have an eye on the HTTP traffic while placing products in the shopping basket. Changing the quantity of products already in the basket doesn't count.","cost":0},{"id":10014,"type":"standard","challenge_id":14,"content":"https://bkimminich.gitbooks.io/pwning-owasp-juice-shop/content/part2/broken-access-control.html#put-an-additional-product-into-another-users-shopping-basket","cost":0},{"id":15,"type":"standard","challenge_id":15,"content":"You literally need to make the shop owe you any amount of money.","cost":0},{"id":10015,"type":"standard","challenge_id":15,"content":"https://bkimminich.gitbooks.io/pwning-owasp-juice-shop/content/part2/improper-input-validation.html#place-an-order-that-makes-you-rich","cost":0},{"id":16,"type":"standard","challenge_id":16,"content":"Analyze and tamper with links in the application that deliver a file directly.","cost":0},{"id":10016,"type":"standard","challenge_id":16,"content":"https://bkimminich.gitbooks.io/pwning-owasp-juice-shop/content/part2/sensitive-data-exposure.html#access-a-confidential-document","cost":0},{"id":17,"type":"standard","challenge_id":17,"content":"You need to trick a security mechanism into thinking that the file you want has a valid file type.","cost":0},{"id":10017,"type":"standard","challenge_id":17,"content":"https://bkimminich.gitbooks.io/pwning-owasp-juice-shop/content/part2/roll-your-own-security.html#access-a-developers-forgotten-backup-file","cost":0},{"id":18,"type":"standard","challenge_id":18,"content":"You need to trick a security mechanism into thinking that the file you want has a valid file type.","cost":0},{"id":10018,"type":"standard","challenge_id":18,"content":"https://bkimminich.gitbooks.io/pwning-owasp-juice-shop/content/part2/security-misconfiguration.html#access-a-salesmans-forgotten-backup-file","cost":0},{"id":19,"type":"standard","challenge_id":19,"content":"It is just slightly harder to find than the score board link.","cost":0},{"id":10019,"type":"standard","challenge_id":19,"content":"https://bkimminich.gitbooks.io/pwning-owasp-juice-shop/content/part2/broken-access-control.html#access-the-administration-section-of-the-store","cost":0},{"id":20,"type":"standard","challenge_id":20,"content":"Look for one of the following: a) broken admin functionality, b) holes in RESTful API or c) possibility for SQL Injection.","cost":0},{"id":10020,"type":"standard","challenge_id":20,"content":"https://bkimminich.gitbooks.io/pwning-owasp-juice-shop/content/part2/broken-access-control.html#change-the-href-of-the-link-within-the-o-saft-product-description","cost":0},{"id":21,"type":"standard","challenge_id":21,"content":"Report one of two possible answers via the \"Contact Us\" form. Do not forget to submit the library's version as well.","cost":0},{"id":10021,"type":"standard","challenge_id":21,"content":"https://bkimminich.gitbooks.io/pwning-owasp-juice-shop/content/part2/vulnerable-components.html#inform-the-shop-about-a-vulnerable-library-it-is-using","cost":0},{"id":22,"type":"standard","challenge_id":22,"content":"Report one of four possible answers via the \"Contact Us\" form.","cost":0},{"id":10022,"type":"standard","challenge_id":22,"content":"https://bkimminich.gitbooks.io/pwning-owasp-juice-shop/content/part2/sensitive-data-exposure.html#inform-the-shop-about-an-algorithm-or-library-it-should-definitely-not-use-the-way-it-does","cost":0},{"id":23,"type":"standard","challenge_id":23,"content":"If you solved one of the three file access challenges, you already know where to find the easter egg.","cost":0},{"id":10023,"type":"standard","challenge_id":23,"content":"https://bkimminich.gitbooks.io/pwning-owasp-juice-shop/content/part2/roll-your-own-security.html#find-the-hidden-easter-egg","cost":0},{"id":24,"type":"standard","challenge_id":24,"content":"You might have to peel through several layers of tough-as-nails encryption for this challenge.","cost":0},{"id":10024,"type":"standard","challenge_id":24,"content":"https://bkimminich.gitbooks.io/pwning-owasp-juice-shop/content/part2/security-through-obscurity.html#apply-some-advanced-cryptanalysis-to-find-the-real-easter-egg","cost":0},{"id":25,"type":"standard","challenge_id":25,"content":"Try either a) a knowledgable brute force attack or b) reverse engineering.","cost":0},{"id":10025,"type":"standard","challenge_id":25,"content":"https://bkimminich.gitbooks.io/pwning-owasp-juice-shop/content/part2/sensitive-data-exposure.html#forge-a-coupon-code-that-gives-you-a-discount-of-at-least-80","cost":0},{"id":26,"type":"standard","challenge_id":26,"content":"You can attach a small file to the \"File Complaint\" form. Investigate how this upload actually works.","cost":0},{"id":10026,"type":"standard","challenge_id":26,"content":"https://bkimminich.gitbooks.io/pwning-owasp-juice-shop/content/part2/improper-input-validation.html#upload-a-file-larger-than-100-kb","cost":0},{"id":27,"type":"standard","challenge_id":27,"content":"You can attach a PDF file to the \"File Complaint\" form. Investigate how this upload actually works.","cost":0},{"id":10027,"type":"standard","challenge_id":27,"content":"https://bkimminich.gitbooks.io/pwning-owasp-juice-shop/content/part2/improper-input-validation.html#upload-a-file-that-has-no-pdf-extension","cost":0},{"id":28,"type":"standard","challenge_id":28,"content":"Look out for a tweet praising new functionality of the web shop.","cost":0},{"id":10028,"type":"standard","challenge_id":28,"content":"https://bkimminich.gitbooks.io/pwning-owasp-juice-shop/content/part2/vulnerable-components.html#overwrite-the-legal-information-file","cost":0},{"id":29,"type":"standard","challenge_id":29,"content":"Brute force is not the only option for this challenge, but a perfectly viable one.","cost":0},{"id":10029,"type":"standard","challenge_id":29,"content":"https://bkimminich.gitbooks.io/pwning-owasp-juice-shop/content/part2/forgotten-content.html#retrieve-the-language-file-that-never-made-it-into-production","cost":0},{"id":30,"type":"standard","challenge_id":30,"content":"After finding a CAPTCHA bypass, write a script that automates feedback submission. Or open many browser tabs and be really quick.","cost":0},{"id":10030,"type":"standard","challenge_id":30,"content":"https://bkimminich.gitbooks.io/pwning-owasp-juice-shop/content/part2/roll-your-own-security.html#submit-10-or-more-customer-feedbacks-within-10-seconds","cost":0},{"id":31,"type":"standard","challenge_id":31,"content":"Before you invest time bypassing the API, you might want to play around with the UI a bit.","cost":0},{"id":10031,"type":"standard","challenge_id":31,"content":"https://bkimminich.gitbooks.io/pwning-owasp-juice-shop/content/part2/improper-input-validation.html#give-a-devastating-zero-star-feedback-to-the-store","cost":0},{"id":32,"type":"standard","challenge_id":32,"content":"You need to trick the hacking progress persistence feature into thinking you solved challenge #999.","cost":0},{"id":10032,"type":"standard","challenge_id":32,"content":"https://bkimminich.gitbooks.io/pwning-owasp-juice-shop/content/part2/sensitive-data-exposure.html#solve-challenge-999","cost":0},{"id":33,"type":"standard","challenge_id":33,"content":"The security flaw behind this challenge is 100% Juice Shop's fault and 0% Google's.","cost":0},{"id":10033,"type":"standard","challenge_id":33,"content":"https://bkimminich.gitbooks.io/pwning-owasp-juice-shop/content/part2/broken-authentication.html#log-in-with-bjoerns-gmail-account","cost":0},{"id":34,"type":"standard","challenge_id":34,"content":"Don't try to beat Google's OAuth 2.0 service. Rather investigate implementation flaws on Juice Shop's end.","cost":0},{"id":10034,"type":"standard","challenge_id":34,"content":"https://bkimminich.gitbooks.io/pwning-owasp-juice-shop/content/part2/broken-authentication.html#exploit-oauth-20-to-log-in-with-the-cisos-user-account","cost":0},{"id":35,"type":"standard","challenge_id":35,"content":"The underlying flaw of this challenge is a lot more human error than technical weakness.","cost":0},{"id":10035,"type":"standard","challenge_id":35,"content":"https://bkimminich.gitbooks.io/pwning-owasp-juice-shop/content/part2/security-misconfiguration.html#log-in-with-the-support-teams-original-user-credentials","cost":0},{"id":36,"type":"standard","challenge_id":36,"content":"You should listen to MC's hit song \"Protect Ya Passwordz\".","cost":0},{"id":10036,"type":"standard","challenge_id":36,"content":"https://bkimminich.gitbooks.io/pwning-owasp-juice-shop/content/part2/sensitive-data-exposure.html#log-in-with-mc-safesearchs-original-user-credentials","cost":0},{"id":37,"type":"standard","challenge_id":37,"content":"You do not have to pay anything to unlock this challenge! Nonetheless, donations are very much appreciated.","cost":0},{"id":10037,"type":"standard","challenge_id":37,"content":"https://bkimminich.gitbooks.io/pwning-owasp-juice-shop/content/part2/sensitive-data-exposure.html#unlock-premium-challenge-to-access-exclusive-content","cost":0},{"id":38,"type":"standard","challenge_id":38,"content":"It's hard for celebrities to pick a security question from a hard-coded list where the answer is not publicly exposed.","cost":0},{"id":10038,"type":"standard","challenge_id":38,"content":"https://bkimminich.gitbooks.io/pwning-owasp-juice-shop/content/part2/broken-authentication.html#reset-jims-password-via-the-forgot-password-mechanism","cost":0},{"id":39,"type":"standard","challenge_id":39,"content":"Not as trivial as Jim's but still not too difficult with some \"Futurama\" background knowledge.","cost":0},{"id":10039,"type":"standard","challenge_id":39,"content":"https://bkimminich.gitbooks.io/pwning-owasp-juice-shop/content/part2/broken-authentication.html#reset-benders-password-via-the-forgot-password-mechanism","cost":0},{"id":40,"type":"standard","challenge_id":40,"content":"Find a way to bypass the rate limiting and brute force the obfuscated answer to Morty's security question.","cost":0},{"id":10040,"type":"standard","challenge_id":40,"content":"https://bkimminich.gitbooks.io/pwning-owasp-juice-shop/content/part2/security-misconfiguration.html#reset-mortys-password-via-the-forgot-password-mechanism","cost":0},{"id":41,"type":"standard","challenge_id":41,"content":"Nothing a little bit of Facebook stalking couldn't reveal. Might involve a historical twist.","cost":0},{"id":10041,"type":"standard","challenge_id":41,"content":"https://bkimminich.gitbooks.io/pwning-owasp-juice-shop/content/part2/broken-authentication.html#reset-the-password-of-bjoerns-internal-account-via-the-forgot-password-mechanism","cost":0},{"id":42,"type":"standard","challenge_id":42,"content":"This challenge is essentially a stripped-down Denial of Service (DoS) attack.","cost":0},{"id":10042,"type":"standard","challenge_id":42,"content":"https://bkimminich.gitbooks.io/pwning-owasp-juice-shop/content/part2/injection.html#let-the-server-sleep-for-some-time","cost":0},{"id":43,"type":"standard","challenge_id":43,"content":"Take a close look on how the equivalent of UPDATE-statements in MongoDB work.","cost":0},{"id":10043,"type":"standard","challenge_id":43,"content":"https://bkimminich.gitbooks.io/pwning-owasp-juice-shop/content/part2/injection.html#update-multiple-product-reviews-at-the-same-time","cost":0},{"id":44,"type":"standard","challenge_id":44,"content":"Take a close look on how the $where query operator works in MongoDB.","cost":0},{"id":10044,"type":"standard","challenge_id":44,"content":"https://bkimminich.gitbooks.io/pwning-owasp-juice-shop/content/part2/injection.html#all-your-orders-are-belong-to-us","cost":0},{"id":45,"type":"standard","challenge_id":45,"content":"The product you might want to give a closer look is the OWASP Juice Shop Logo (3D-printed).","cost":0},{"id":10045,"type":"standard","challenge_id":45,"content":"https://bkimminich.gitbooks.io/pwning-owasp-juice-shop/content/part2/forgotten-content.html#deprive-the-shop-of-earnings-by-downloading-the-blueprint-for-one-of-its-products","cost":0},{"id":46,"type":"standard","challenge_id":46,"content":"This challenge has nothing to do with URLs or domains. Investigate the forgotten developer's backup file instead.","cost":0},{"id":10046,"type":"standard","challenge_id":46,"content":"https://bkimminich.gitbooks.io/pwning-owasp-juice-shop/content/part2/vulnerable-components.html#inform-the-shop-about-a-typosquatting-trick-it-has-become-victim-of","cost":0},{"id":47,"type":"standard","challenge_id":47,"content":"This challenge has nothing to do with URLs or domains. There is no conveniently misplaced file helping you with this one. Or is there?","cost":0},{"id":10047,"type":"standard","challenge_id":47,"content":"https://bkimminich.gitbooks.io/pwning-owasp-juice-shop/content/part2/vulnerable-components.html#inform-the-shop-about-a-more-sneaky-instance-of-typosquatting-it-fell-for","cost":0},{"id":48,"type":"standard","challenge_id":48,"content":"This challenge exploits a weird option that is supported when signing tokens with JWT.","cost":0},{"id":10048,"type":"standard","challenge_id":48,"content":"https://bkimminich.gitbooks.io/pwning-owasp-juice-shop/content/part2/vulnerable-components.html#forge-an-essentially-unsigned-jwt-token","cost":0},{"id":49,"type":"standard","challenge_id":49,"content":"This challenge is explicitly not about acquiring the RSA private key used for JWT signing.","cost":0},{"id":10049,"type":"standard","challenge_id":49,"content":"https://bkimminich.gitbooks.io/pwning-owasp-juice-shop/content/part2/vulnerable-components.html#forge-an-almost-properly-rsa-signed-jwt-token","cost":0},{"id":50,"type":"standard","challenge_id":50,"content":"You need to trick a security mechanism into thinking that the file you want has a valid file type.","cost":0},{"id":10050,"type":"standard","challenge_id":50,"content":"https://bkimminich.gitbooks.io/pwning-owasp-juice-shop/content/part2/roll-your-own-security.html#access-a-misplaced-siem-signature-file","cost":0},{"id":51,"type":"standard","challenge_id":51,"content":"The developers who disabled the interface think they could go invisible by just closing their eyes.","cost":0},{"id":10051,"type":"standard","challenge_id":51,"content":"https://bkimminich.gitbooks.io/pwning-owasp-juice-shop/content/part2/forgotten-content.html#use-a-deprecated-b2b-interface-that-was-not-properly-shut-down","cost":0},{"id":52,"type":"standard","challenge_id":52,"content":"The leverage point for this challenge is the deprecated B2B interface.","cost":0},{"id":10052,"type":"standard","challenge_id":52,"content":"https://bkimminich.gitbooks.io/pwning-owasp-juice-shop/content/part2/xxe.html#retrieve-the-content-of-cwindowssystemini-or-etcpasswd-from-the-server","cost":0},{"id":53,"type":"standard","challenge_id":53,"content":"It is not as easy as sending a large amount of data directly to the deprecated B2B interface.","cost":0},{"id":10053,"type":"standard","challenge_id":53,"content":"https://bkimminich.gitbooks.io/pwning-owasp-juice-shop/content/part2/xxe.html#give-the-server-something-to-chew-on-for-quite-a-while","cost":0},{"id":54,"type":"standard","challenge_id":54,"content":"The feature you need to exploit for this challenge is not directly advertised anywhere.","cost":0},{"id":10054,"type":"standard","challenge_id":54,"content":"https://bkimminich.gitbooks.io/pwning-owasp-juice-shop/content/part2/insecure-deserialization.html#perform-a-remote-code-execution-that-would-keep-a-less-hardened-application-busy-forever","cost":0},{"id":55,"type":"standard","challenge_id":55,"content":"Your attack payload must not trigger the protection against too many iterations.","cost":0},{"id":10055,"type":"standard","challenge_id":55,"content":"https://bkimminich.gitbooks.io/pwning-owasp-juice-shop/content/part2/insecure-deserialization.html#perform-a-remote-code-execution-that-occupies-the-server-for-a-while-without-using-infinite-loops","cost":0},{"id":56,"type":"standard","challenge_id":56,"content":"The developers truly believe in \"Security through Obscurity\" over actual access restrictions.","cost":0},{"id":10056,"type":"standard","challenge_id":56,"content":"https://bkimminich.gitbooks.io/pwning-owasp-juice-shop/content/part2/security-through-obscurity.html#learn-about-the-token-sale-before-its-official-announcement","cost":0},{"id":57,"type":"standard","challenge_id":57,"content":"Undoubtably you want to read our security policy before conducting any research on our application.","cost":0},{"id":10057,"type":"standard","challenge_id":57,"content":"https://bkimminich.gitbooks.io/pwning-owasp-juice-shop/content/part2/roll-your-own-security.html#behave-like-any-white-hat-should","cost":0},{"id":58,"type":"standard","challenge_id":58,"content":"No matter how good your eyes are, you will need tool assistance for this challenge.","cost":0},{"id":10058,"type":"standard","challenge_id":58,"content":"https://bkimminich.gitbooks.io/pwning-owasp-juice-shop/content/part2/security-through-obscurity.html#rat-out-a-notorious-character-hiding-in-plain-sight-in-the-shop","cost":0},{"id":59,"type":"standard","challenge_id":59,"content":"This vulnerability will not affect any customer of the shop. It is aimed exclusively at its developers.","cost":0},{"id":10059,"type":"standard","challenge_id":59,"content":"https://bkimminich.gitbooks.io/pwning-owasp-juice-shop/content/part2/broken-authentication.html#inform-the-development-team-about-a-danger-to-some-of-their-credentials","cost":0},{"id":60,"type":"standard","challenge_id":60,"content":"Find out how the application handles unavailable products and try to find a loophole.","cost":0},{"id":10060,"type":"standard","challenge_id":60,"content":"https://bkimminich.gitbooks.io/pwning-owasp-juice-shop/content/part2/injection.html#order-the-christmas-special-offer-of-2014","cost":0},{"id":61,"type":"standard","challenge_id":61,"content":"Craft a UNION SELECT attack string against an endpoint that offers an unnecessary way to filter data.","cost":0},{"id":10061,"type":"standard","challenge_id":61,"content":"https://bkimminich.gitbooks.io/pwning-owasp-juice-shop/content/part2/injection.html#retrieve-a-list-of-all-user-credentials-via-sql-injection","cost":0},{"id":62,"type":"standard","challenge_id":62,"content":"Assign the unassignable.","cost":0},{"id":10062,"type":"standard","challenge_id":62,"content":"https://bkimminich.gitbooks.io/pwning-owasp-juice-shop/content/part2/improper-input-validation.html#get-registered-as-admin-user","cost":0},{"id":63,"type":"standard","challenge_id":63,"content":"Look for an input field where its content appears in the response HTML when its form is submitted.","cost":0},{"id":10063,"type":"standard","challenge_id":63,"content":"https://bkimminich.gitbooks.io/pwning-owasp-juice-shop/content/part2/xss.html#perform-a-reflected-xss-attack","cost":0},{"id":64,"type":"standard","challenge_id":64,"content":"Look for an input field where its content appears in the HTML when its form is submitted.","cost":0},{"id":10064,"type":"standard","challenge_id":64,"content":"https://bkimminich.gitbooks.io/pwning-owasp-juice-shop/content/part2/xss.html#perform-a-reflected-xss-attack","cost":0},{"id":65,"type":"standard","challenge_id":65,"content":"Only some input fields validate their input. Even less of these are persisted in a way where their content is shown on another screen.","cost":0},{"id":10065,"type":"standard","challenge_id":65,"content":"https://bkimminich.gitbooks.io/pwning-owasp-juice-shop/content/part2/xss.html#perform-a-persisted-xss-attack-bypassing-a-client-side-security-mechanism","cost":0},{"id":66,"type":"standard","challenge_id":66,"content":"You need to work with the server-side API directly. Try different HTTP verbs on different entities exposed through the API.","cost":0},{"id":10066,"type":"standard","challenge_id":66,"content":"https://bkimminich.gitbooks.io/pwning-owasp-juice-shop/content/part2/xss.html#perform-a-persisted-xss-attack-without-using-the-frontend-application-at-all","cost":0},{"id":67,"type":"standard","challenge_id":67,"content":"The \"Comment\" field in the \"Contact Us\" screen is where you want to put your focus on.","cost":0},{"id":10067,"type":"standard","challenge_id":67,"content":"https://bkimminich.gitbooks.io/pwning-owasp-juice-shop/content/part2/xss.html#perform-a-persisted-xss-attack-bypassing-a-server-side-security-mechanism","cost":0},{"id":68,"type":"standard","challenge_id":68,"content":"The fact that the name of this challenge is \"CSRF\" is already a huge hint.","cost":0},{"id":10068,"type":"standard","challenge_id":68,"content":"https://bkimminich.gitbooks.io/pwning-owasp-juice-shop/content/part2/broken-authentication.html#change-benders-password-into-slurmcl4ssic-without-using-sql-injection-or-forgot-password","cost":0},{"id":69,"type":"standard","challenge_id":69,"content":"Finding a piece of displayed information that could originate from an HTTP header is the part of this challenge.","cost":0},{"id":10069,"type":"standard","challenge_id":69,"content":"https://bkimminich.gitbooks.io/pwning-owasp-juice-shop/content/part2/xss.html#perform-a-persisted-xss-attack-through-an-http-header","cost":0},{"id":70,"type":"standard","challenge_id":70,"content":"Punctuality is the politeness of kings.","cost":0},{"id":10070,"type":"standard","challenge_id":70,"content":"https://bkimminich.gitbooks.io/pwning-owasp-juice-shop/content/part2/race-condition.html#like-any-review-at-least-three-times-as-the-same-user","cost":0},{"id":71,"type":"standard","challenge_id":71,"content":"The search for a personal identity is the life of a man.","cost":0},{"id":10071,"type":"standard","challenge_id":71,"content":"https://bkimminich.gitbooks.io/pwning-owasp-juice-shop/content/part2/injection.html#infect-the-server-with-malware-by-abusing-arbitrary-command-execution","cost":0},{"id":72,"type":"standard","challenge_id":72,"content":"Reverse the Bad and it gets Good again.","cost":0},{"id":10072,"type":"standard","challenge_id":72,"content":"https://bkimminich.gitbooks.io/pwning-owasp-juice-shop/content/part2/broken-access-control.html#request-a-hidden-resource-on-server-through-server","cost":0},{"id":73,"type":"standard","challenge_id":73,"content":"This challenge will make you go after a needle in a haystack.","cost":0},{"id":10073,"type":"standard","challenge_id":73,"content":"https://bkimminich.gitbooks.io/pwning-owasp-juice-shop/content/part2/sensitive-data-exposure.html#log-in-with-amys-original-user-credentials","cost":0},{"id":74,"type":"standard","challenge_id":74,"content":"He might have spoilered it on at least one occasion where a camera was running. Maybe elsewhere as well.","cost":0},{"id":10074,"type":"standard","challenge_id":74,"content":"https://bkimminich.gitbooks.io/pwning-owasp-juice-shop/content/part2/broken-authentication.html#reset-the-password-of-bjoerns-owasp-account-via-the-forgot-password-mechanism","cost":0},{"id":75,"type":"standard","challenge_id":75,"content":"Who would want a server access log to be accessible through a web application?","cost":0},{"id":10075,"type":"standard","challenge_id":75,"content":"https://bkimminich.gitbooks.io/pwning-owasp-juice-shop/content/part2/sensitive-data-exposure.html#gain-access-to-any-access-log-file-of-the-server","cost":0}]}